{
  "-58-0" : {
    "transaction" : "-58-0",
    "sampleCount" : 80,
    "errorCount" : 0,
    "errorPct" : 0.0,
    "meanResTime" : 26.3625,
    "medianResTime" : 18.5,
    "minResTime" : 14.0,
    "maxResTime" : 250.0,
    "pct1ResTime" : 42.400000000000034,
    "pct2ResTime" : 63.65000000000002,
    "pct3ResTime" : 250.0,
    "throughput" : 16.89902830587241,
    "receivedKBytesPerSec" : 6.106094212082805,
    "sentKBytesPerSec" : 6.271123785382341
  },
  "" : {
    "transaction" : "",
    "sampleCount" : 80,
    "errorCount" : 0,
    "errorPct" : 0.0,
    "meanResTime" : 572.05,
    "medianResTime" : 407.0,
    "minResTime" : 289.0,
    "maxResTime" : 1552.0,
    "pct1ResTime" : 1283.4,
    "pct2ResTime" : 1429.45,
    "pct3ResTime" : 1552.0,
    "throughput" : 14.831294030404154,
    "receivedKBytesPerSec" : 295.4259072580645,
    "sentKBytesPerSec" : 89.89842591305154
  },
  "-58-2" : {
    "transaction" : "-58-2",
    "sampleCount" : 80,
    "errorCount" : 0,
    "errorPct" : 0.0,
    "meanResTime" : 113.58749999999998,
    "medianResTime" : 114.0,
    "minResTime" : 67.0,
    "maxResTime" : 362.0,
    "pct1ResTime" : 126.80000000000001,
    "pct2ResTime" : 129.95,
    "pct3ResTime" : 362.0,
    "throughput" : 16.760946993505133,
    "receivedKBytesPerSec" : 257.77689935575114,
    "sentKBytesPerSec" : 7.873062015503876
  },
  "-58-1" : {
    "transaction" : "-58-1",
    "sampleCount" : 80,
    "errorCount" : 0,
    "errorPct" : 0.0,
    "meanResTime" : 181.0625,
    "medianResTime" : 79.5,
    "minResTime" : 62.0,
    "maxResTime" : 1080.0,
    "pct1ResTime" : 575.7,
    "pct2ResTime" : 595.5,
    "pct3ResTime" : 1080.0,
    "throughput" : 15.987210231814549,
    "receivedKBytesPerSec" : 22.59520508593126,
    "sentKBytesPerSec" : 6.602140162869705
  },
  "-50" : {
    "transaction" : "-50",
    "sampleCount" : 84,
    "errorCount" : 0,
    "errorPct" : 0.0,
    "meanResTime" : 27.940476190476186,
    "medianResTime" : 17.0,
    "minResTime" : 9.0,
    "maxResTime" : 206.0,
    "pct1ResTime" : 44.0,
    "pct2ResTime" : 151.0,
    "pct3ResTime" : 206.0,
    "throughput" : 17.333883615352867,
    "receivedKBytesPerSec" : 4.868706149401568,
    "sentKBytesPerSec" : 8.328389393314072
  },
  "-51" : {
    "transaction" : "-51",
    "sampleCount" : 84,
    "errorCount" : 0,
    "errorPct" : 0.0,
    "meanResTime" : 18.749999999999996,
    "medianResTime" : 17.0,
    "minResTime" : 9.0,
    "maxResTime" : 82.0,
    "pct1ResTime" : 28.5,
    "pct2ResTime" : 40.75,
    "pct3ResTime" : 82.0,
    "throughput" : 17.34462110262234,
    "receivedKBytesPerSec" : 4.89874238591782,
    "sentKBytesPerSec" : 8.333548420400579
  },
  "-52" : {
    "transaction" : "-52",
    "sampleCount" : 83,
    "errorCount" : 0,
    "errorPct" : 0.0,
    "meanResTime" : 29.33734939759035,
    "medianResTime" : 18.0,
    "minResTime" : 9.0,
    "maxResTime" : 164.0,
    "pct1ResTime" : 57.40000000000025,
    "pct2ResTime" : 151.39999999999998,
    "pct3ResTime" : 164.0,
    "throughput" : 17.23421926910299,
    "receivedKBytesPerSec" : 4.742289698401163,
    "sentKBytesPerSec" : 8.297334081706811
  },
  "-53" : {
    "transaction" : "-53",
    "sampleCount" : 83,
    "errorCount" : 0,
    "errorPct" : 0.0,
    "meanResTime" : 19.15662650602409,
    "medianResTime" : 18.0,
    "minResTime" : 9.0,
    "maxResTime" : 60.0,
    "pct1ResTime" : 28.400000000000034,
    "pct2ResTime" : 34.0,
    "pct3ResTime" : 60.0,
    "throughput" : 17.194945100476488,
    "receivedKBytesPerSec" : 4.776800743215247,
    "sentKBytesPerSec" : 8.261633778744562
  },
  "-54" : {
    "transaction" : "-54",
    "sampleCount" : 84,
    "errorCount" : 0,
    "errorPct" : 0.0,
    "meanResTime" : 28.976190476190492,
    "medianResTime" : 17.0,
    "minResTime" : 9.0,
    "maxResTime" : 208.0,
    "pct1ResTime" : 36.0,
    "pct2ResTime" : 145.25,
    "pct3ResTime" : 208.0,
    "throughput" : 17.34820322180917,
    "receivedKBytesPerSec" : 4.758775751239158,
    "sentKBytesPerSec" : 8.335269516728625
  },
  "-55" : {
    "transaction" : "-55",
    "sampleCount" : 82,
    "errorCount" : 0,
    "errorPct" : 0.0,
    "meanResTime" : 18.524390243902445,
    "medianResTime" : 17.0,
    "minResTime" : 10.0,
    "maxResTime" : 50.0,
    "pct1ResTime" : 26.0,
    "pct2ResTime" : 38.24999999999997,
    "pct3ResTime" : 50.0,
    "throughput" : 17.12257256212153,
    "receivedKBytesPerSec" : 4.760665718312801,
    "sentKBytesPerSec" : 8.226861035706829
  },
  "-56" : {
    "transaction" : "-56",
    "sampleCount" : 82,
    "errorCount" : 0,
    "errorPct" : 0.0,
    "meanResTime" : 18.817073170731707,
    "medianResTime" : 17.0,
    "minResTime" : 10.0,
    "maxResTime" : 81.0,
    "pct1ResTime" : 26.0,
    "pct2ResTime" : 37.54999999999998,
    "pct3ResTime" : 81.0,
    "throughput" : 17.104714226115977,
    "receivedKBytesPerSec" : 4.755700484981227,
    "sentKBytesPerSec" : 8.218280663329162
  },
  "-57" : {
    "transaction" : "-57",
    "sampleCount" : 81,
    "errorCount" : 0,
    "errorPct" : 0.0,
    "meanResTime" : 29.14814814814816,
    "medianResTime" : 17.0,
    "minResTime" : 9.0,
    "maxResTime" : 189.0,
    "pct1ResTime" : 53.19999999999993,
    "pct2ResTime" : 146.79999999999998,
    "pct3ResTime" : 189.0,
    "throughput" : 16.920827240442865,
    "receivedKBytesPerSec" : 4.638416871213704,
    "sentKBytesPerSec" : 8.262122675997494
  },
  "-58" : {
    "transaction" : "-58",
    "sampleCount" : 80,
    "errorCount" : 0,
    "errorPct" : 0.0,
    "meanResTime" : 321.3625,
    "medianResTime" : 217.0,
    "minResTime" : 161.0,
    "maxResTime" : 1228.0,
    "pct1ResTime" : 712.2,
    "pct2ResTime" : 730.45,
    "pct3ResTime" : 1228.0,
    "throughput" : 15.476881408396208,
    "receivedKBytesPerSec" : 265.49464052524667,
    "sentKBytesPerSec" : 19.404669060746762
  },
  "-48" : {
    "transaction" : "-48",
    "sampleCount" : 84,
    "errorCount" : 0,
    "errorPct" : 0.0,
    "meanResTime" : 31.44047619047618,
    "medianResTime" : 18.0,
    "minResTime" : 9.0,
    "maxResTime" : 241.0,
    "pct1ResTime" : 51.5,
    "pct2ResTime" : 173.25,
    "pct3ResTime" : 241.0,
    "throughput" : 17.160367722165475,
    "receivedKBytesPerSec" : 4.714831779877426,
    "sentKBytesPerSec" : 8.261778600612871
  },
  "-49" : {
    "transaction" : "-49",
    "sampleCount" : 84,
    "errorCount" : 0,
    "errorPct" : 0.0,
    "meanResTime" : 25.66666666666666,
    "medianResTime" : 17.0,
    "minResTime" : 9.0,
    "maxResTime" : 199.0,
    "pct1ResTime" : 33.5,
    "pct2ResTime" : 138.25,
    "pct3ResTime" : 199.0,
    "throughput" : 17.319587628865982,
    "receivedKBytesPerSec" : 4.662532216494846,
    "sentKBytesPerSec" : 8.203125
  },
  "Total" : {
    "transaction" : "Total",
    "sampleCount" : 1151,
    "errorCount" : 0,
    "errorPct" : 0.0,
    "meanResTime" : 62.54648132059079,
    "medianResTime" : 20.0,
    "minResTime" : 9.0,
    "maxResTime" : 1228.0,
    "pct1ResTime" : 157.79999999999995,
    "pct2ResTime" : 217.0,
    "pct3ResTime" : 708.8400000000001,
    "throughput" : 215.74507966260546,
    "receivedKBytesPerSec" : 557.5322531044986,
    "sentKBytesPerSec" : 112.48297651124649
  }
}